model_name,device,dtype,input_length,max_new_tokens,trial,total_time_sec,generated_tokens,tokens_per_sec,decode_tokens_per_sec,model_memory_mb,peak_memory_mb,prefill_sec,decode_sec,ttft_sec,oom
TinyLlama/TinyLlama-1.1B-Chat-v1.0,cuda,float16,256,32,1,7.990823545000012,32,4.0045934965017365,28.214945457492963,0.0,2162.8154296875,6.856672850000109,1.134150694999903,6.856672850000109,False
TinyLlama/TinyLlama-1.1B-Chat-v1.0,cuda,float16,512,32,1,0.9545985529999825,32,33.52194480018302,36.19612943770815,0.0,2215.8193359375,0.0705261260000043,0.8840724269999782,0.0705261260000043,False
